,Restaurant,User-Rating,No-Ratings,Address,Feature1,Feature2,Feature3,Feature4,Feature5,City,ProperAddress,Location,RestaurantLatitude,RestaurantLongitude,CenterLatitude,CenterLongitude,distance
0, Don Pepe - Kálmán Imre utca,4.6,2009,Kálmán Imre 23,Olasz,Nemzetközi,Magyaros,Hamburger,Vegán,Budapest,Budapest Kálmán Imre 23,"Kálmán Imre, Nagymező utca, Terézváros, Budapest, Közép-Magyarország, 1066, Magyarország",47.5039752,19.0597753,47.4983815,19.0404707,1.5818290623808602 km
1, Pizza Hut Arany János,4.4,250,Arany János utca 31,Pizza,Készpénzes fizetés,SZÉP kártyás fizetés,,,Budapest,Budapest Arany János utca 31,"Pizza Hut, 31, Arany János utca, Lipótváros, Budapest, Közép-Magyarország, 1051, Magyarország",47.5023808,19.0539236,47.4983815,19.0404707,1.1068231725600275 km
2, Boulevard Kitchen,4.4,5,Erzsébet körút 12,Pizza,NetPincér GO,SZÉP kártyás fizetés,Érintkezésmentes kiszállítás,,Budapest,Budapest Erzsébet körút 12,"10-12, Erzsébet körút, Ligetváros, Erzsébetváros, VII. kerület, Közép-Magyarország, 1073, Magyarország",47.4987101,19.0698424,47.4983815,19.0404707,2.213331290057507 km
3, 15 Perc Pizza Expressz,4,389,Dessewffy utca 5,Olasz,Pizza,Készpénzes fizetés,,,Budapest,Budapest Dessewffy utca 5,"15 Perc Pizza, 5, Dessewffy utca, Terézváros, Budapest, Közép-Magyarország, 1066, Magyarország",47.5041922,19.0556617,47.4983815,19.0404707,1.3142607404295563 km
4, Il Terzo Cerchio Étterem Pizzéria,4.3,359,Dohány u. 40,Olasz,Pizza,Készpénzes fizetés,SZÉP kártyás fizetés,,Budapest,Budapest Dohány u. 40,"Savannah Music Club, 40, Dohány utca, Ligetváros, Erzsébetváros, VII. kerület, Közép-Magyarország, 1074, Magyarország",47.496795,19.066363,47.4983815,19.0404707,1.9588652509611408 km
5, 50minutes,4.6,398,Fő utca 51,Olasz,Magyaros,Hamburger,Pizza,Algida,Budapest,Budapest Fő utca 51,"51, Fő utca, Víziváros, Budapest, Közép-Magyarország, 1027, Magyarország",47.508219350000005,19.0384802,47.4983815,19.0404707,1.1040109564494742 km
6, Pizza Monkey Budapest,4.3,197,Kármán utca 3,Magyaros,Hamburger,Saláta,Vegán,Grill,Budapest,Budapest Kármán utca 3,"3, Kármán utca, Terézváros, VI. kerület, Budapest, Közép-Magyarország, 1067, Magyarország",47.5091879,19.0590404,47.4983815,19.0404707,1.844107613954235 km
7, Ponte Pizza and Restaurant,4.7,1195,Nefelejcs utca 14,Magyaros,Olasz,Pizza,Algida,Készpénzes fizetés,Budapest,Budapest Nefelejcs utca 14,"14, Nefelejcs utca, Ligetváros, Erzsébetváros, VII. kerület, Közép-Magyarország, 1078, Magyarország",47.5024945,19.0821633,47.4983815,19.0404707,3.1743531920318246 km
8, Trófea Grill Étterem,4.6,899,Király utca 30,Pizza,Olasz,Magyaros,Hamburger,Amerikai,Budapest,Budapest Király utca 30,"Trófea Grill, 30-32, Király utca, Terézváros, Budapest, Közép-Magyarország, 1061, Magyarország",47.4999044,19.0595401,47.4983815,19.0404707,1.4467221504469994 km
9, Vapiano Belváros,4.2,228,Vörösmarty tér 3,Olasz,Pizza,Saláta,Tészta,NetPincér GO,Budapest,Budapest Vörösmarty tér 3,"Vapiano Fashion Street, 3, Vörösmarty tér, Belváros, Budapest, Közép-Magyarország, 1051, Magyarország",47.4964954,19.0512812,47.4983815,19.0404707,0.841100789359094 km
10, Attaboy! Burger and Pizza,4.7,979,Síp utca 4,Pizza,Olasz,Amerikai,Hamburger,Készpénzes fizetés,Budapest,Budapest Síp utca 4,"Attaboy, 4, Síp utca, Erzsébetváros, Budapest, Közép-Magyarország, 1075, Magyarország",47.4957405,19.0625008,47.4983815,19.0404707,1.685689229133689 km
11, Etna Házhozszállítás,4.7,226,Kertész utca 48,Olasz,Pizza,Ételérzékenyeknek is,Készpénzes fizetés,,Budapest,Budapest Kertész utca 48,"Szimpla kávézó, 48, Kertész utca, Ligetváros, Erzsébetváros, VII. kerület, Közép-Magyarország, 1073, Magyarország",47.5022659,19.0649928,47.4983815,19.0404707,1.8973746813250858 km
12, Bellozzo - Oktogon,4.7,501,Oktogon 1,Pizza,Tészta,Olasz,NetPincér GO,SZÉP kártyás fizetés,Budapest,Budapest Oktogon 1,"Citibank, 1, Oktogon, Terézváros, Budapest, Közép-Magyarország, 1066, Magyarország",47.5050118,19.0627002,47.4983815,19.0404707,1.8298489919171572 km
13, All About Street Food,4.7,244,Múzeum utca 7,Pizza,Szendvics,Amerikai,Hamburger,Algida,Budapest,Budapest Múzeum utca 7,"Muzikum Klub, 7, Múzeum utca, Palotanegyed, Budapest, Közép-Magyarország, 1088, Magyarország",47.4900283,19.0631513,47.4983815,19.0404707,1.9450642560727984 km
14, Pizza King Belváros,3.9,1480,István utca 26,Olasz,Pizza,Készpénzes fizetés,SZÉP kártyás fizetés,,Budapest,Budapest István utca 26,"26, István utca, Ligetváros, Erzsébetváros, VII. kerület, Közép-Magyarország, 1078, Magyarország",47.5054783,19.0828797,47.4983815,19.0404707,3.291110347276609 km
15, Il Treno - Trombitás,4.5,382,Retek utca 12,Pizza,Olasz,Készpénzes fizetés,,,Budapest,Budapest Retek utca 12,"Hunyadi Gasztroműhely, 12, Retek utca, Országút, Budapest, Közép-Magyarország, 1024, Magyarország",47.5081855,19.0247339,47.4983815,19.0404707,1.6105163910875513 km
16, La Cipolla - Tradicionális olasz konyha,4.7,1438,Rózsafa utca 13,Olasz,Pizza,Algida,Készpénzes fizetés,SZÉP kártyás fizetés,Budapest,Budapest Rózsafa utca 13,"13, Rózsafa utca, Lőportárdűlő, Angyalföld, XIII. kerület, Budapest, Közép-Magyarország, 1134, Magyarország",47.52610936,19.06818778,47.4983815,19.0404707,3.723261902746 km
17, Donna Mamma Pizza Napoletana,4.6,286,Rákóczi út 1-3,Pizza,NetPincér GO,SZÉP kártyás fizetés,Érintkezésmentes kiszállítás,,Budapest,Budapest Rákóczi út 1-3,"MagNet Bank, 1-3, Rákóczi út, Palotanegyed, Budapest, Közép-Magyarország, 1088, Magyarország",47.4941382,19.0605734,47.4983815,19.0404707,1.586485340446724 km
18, Don Corleone Pizzéria,4.7,409,Nefelejcs u. 27,Olasz,Nemzetközi,Pizza,Algida,Készpénzes fizetés,Budapest,Budapest Nefelejcs u. 27,"27, Nefelejcs utca, Ligetváros, Erzsébetváros, VII. kerület, Közép-Magyarország, 1078, Magyarország",47.5037945,19.0811959,47.4983815,19.0404707,3.1267820495095795 km
19, Mercetti - az olasz konyha szerelmese,4.8,347,Erkel utca 9,Pizza,Vegetariánus,Saláta,Tészta,Olasz,Budapest,Budapest Erkel utca 9,"9, Erkel utca, Belső-Ferencváros, IX. kerület, Budapest, Közép-Magyarország, 1092, Magyarország",47.48676695,19.062218952767136,47.4983815,19.0404707,2.0864374130674737 km
20, Kupak Bar & Bistro,4.2,57,Dob utca 2,Pizza,Nemzetközi,Magyaros,NetPincér GO,SZÉP kártyás fizetés,Budapest,Budapest Dob utca 2,"Drum Café, 2, Dob utca, Erzsébetváros, Budapest, Közép-Magyarország, 1072, Magyarország",47.4961876,19.0588395,47.4983815,19.0404707,1.4053716543295465 km
21, Trófea Grill Étterem Zugló,4.8,1877,Erzsébet királyné útja 5-7.,Olasz,Magyaros,Sushi,Hamburger,Amerikai,Budapest,Budapest Erzsébet királyné útja 5-7.,"Erzsébet királyné útja, Herminamező, XIV. kerület, Budapest, Közép-Magyarország, 1145, Magyarország",47.5219489,19.1008952,47.4983815,19.0404707,5.252028940813863 km
22, Da Mario Budapest,,,Vécsey utca 3,Pizza,Tészta,Olasz,NetPincér GO,SZÉP kártyás fizetés,Budapest,Budapest Vécsey utca 3,"Da Mario, 3, Vécsey utca, Lipótváros, Budapest, Közép-Magyarország, 1054, Magyarország",47.505243,19.049433,47.4983815,19.0404707,1.0187726535384314 km
23, Pizza EATaliano - Pest,4.3,41,Vécsey u. 5,Olasz,Pizza,Készpénzes fizetés,SZÉP kártyás fizetés,,Budapest,Budapest Vécsey u. 5,"Bortársaság - Kossuth tér, 5, Vécsey utca, Lipótváros, Budapest, Közép-Magyarország, 1054, Magyarország",47.505647,19.0488386,47.4983815,19.0404707,1.024681373750218 km
24, Pasta Culture Tésztabár,4.5,44,Október 6. utca 19,Pizza,Tészta,Olasz,NetPincér GO,SZÉP kártyás fizetés,Budapest,Budapest Október 6. utca 19,"The Selection, 19, Október 6. utca, Lipótváros, Budapest, Közép-Magyarország, 1051, Magyarország",47.5018193,19.0509007,47.4983815,19.0404707,0.8738543032873295 km
25, Grand Re Pizza Hungary,4.7,119,Akácfa utca 65.,Pizza,NetPincér GO,SZÉP kártyás fizetés,Érintkezésmentes kiszállítás,,Budapest,Budapest Akácfa utca 65.,"65, Akácfa utca, Terézváros, VI. kerület, Budapest, Közép-Magyarország, 1073, Magyarország",47.5018885,19.063689,47.4983815,19.0404707,1.792271797767323 km
26, Első Pesti Rétesház Étterem Expressz,4.8,29,Október 6. utca 22,Cukrászda,Grill,Magyaros,Pizza,NetPincér GO,Budapest,Budapest Október 6. utca 22,"Első Pesti Rétesház, 22, Október 6. utca, Lipótváros, Budapest, Közép-Magyarország, 1051, Magyarország",47.5017529,19.0506671,47.4983815,19.0404707,0.8547990250550832 km
27, Trabant Retro Bisztró Expressz,4.7,15,Október 6. utca 22,Grill,Magyaros,Pizza,NetPincér GO,SZÉP kártyás fizetés,Budapest,Budapest Október 6. utca 22,"Első Pesti Rétesház, 22, Október 6. utca, Lipótváros, Budapest, Közép-Magyarország, 1051, Magyarország",47.5017529,19.0506671,47.4983815,19.0404707,0.8547990250550832 km
28, BITE Bakery Café - Oktogon,4.9,24,Oktogon 4,Pizza,Reggelizőhely,Pékség,NetPincér GO,SZÉP kártyás fizetés,Budapest,Budapest Oktogon 4,"Made in Pasta, 4, Oktogon, Terézváros, Budapest, Közép-Magyarország, 1067, Magyarország",47.5057088,19.0635912,47.4983815,19.0404707,1.9229983734852263 km
29, Pizza Me Dohány utca,4.5,21,Erzsébet körút 14,Olasz,Pizza,NetPincér GO,Érintkezésmentes kiszállítás,,Budapest,Budapest Erzsébet körút 14,"14, Erzsébet körút, Ligetváros, Erzsébetváros, VII. kerület, Közép-Magyarország, 1073, Magyarország",47.4989237,19.0696608,47.4983815,19.0404707,2.200168505266083 km
30, Trattoria Za-Za,4.3,109,Ráday utca 16,Olasz,Magyaros,Pizza,Készpénzes fizetés,SZÉP kártyás fizetés,Budapest,Budapest Ráday utca 16,"Trattoria, 16, Ráday utca, Belső-Ferencváros, Budapest, Közép-Magyarország, 1092, Magyarország",47.4875924,19.0631314,47.4983815,19.0404707,2.0867842083003314 km
31, Okay Italia Szent István krt. Expressz,4.5,82,Szent István körút 20,Pizza,Tészta,Olasz,NetPincér GO,SZÉP kártyás fizetés,Budapest,Budapest Szent István körút 20,"Okay Italia, 20, Szent István körút, Újlipótváros, Budapest, Közép-Magyarország, 1137, Magyarország",47.5117413,19.0527354,47.4983815,19.0404707,1.7492867391253457 km
32, Ibolya Pizza,4.3,24,Ferenciek tere 5,Magyaros,Pizza,NetPincér GO,SZÉP kártyás fizetés,Érintkezésmentes kiszállítás,Budapest,Budapest Ferenciek tere 5,"Ibolya espresso, 5, Ferenciek tere, Belváros, Budapest, Közép-Magyarország, 1053, Magyarország",47.4922815,19.0564725,47.4983815,19.0404707,1.3833887889540222 km
33, Nemo Fish & Chips & Salad Házhozszállítás,4.5,150,Török utca 8,Nemzetközi,Magyaros,Vegetariánus,Halétel,Pizza,Budapest,Budapest Török utca 8,"8, Török utca, Felhévíz, Budapest, Közép-Magyarország, 1023, Magyarország",47.515648,19.0361137,47.4983815,19.0404707,1.9475598826259788 km
35, Den Haag Pizzéria,4.8,51,Dohány utca 5,Pizza,Algida,NetPincér GO,SZÉP kártyás fizetés,Érintkezésmentes kiszállítás,Budapest,Budapest Dohány utca 5,"KOLBice Dohány STR, 5/a, Dohány utca, Erzsébetváros, Budapest, Közép-Magyarország, 1074, Magyarország",47.4954114,19.0614601,47.4983815,19.0404707,1.6156161759081067 km
36, Il Classico Nyugati tér,2.6,5,Nyugati tér 6,Olasz,Pizza,NetPincér GO,SZÉP kártyás fizetés,Érintkezésmentes kiszállítás,Budapest,Budapest Nyugati tér 6,"Nyugati tér, Terézváros, VI. kerület, Budapest, Közép-Magyarország, 1065, Magyarország",47.5103735,19.0556197,47.4983815,19.0404707,1.7550393055960771 km
37, Trattoria La Coppola,4.5,43,Károlyi utca 19,Pizza,Olasz,NetPincér GO,SZÉP kártyás fizetés,Érintkezésmentes kiszállítás,Budapest,Budapest Károlyi utca 19,"La Coppola, 19, Károlyi utca, Belváros, Budapest, Közép-Magyarország, 1053, Magyarország",47.4914492,19.0578404,47.4983815,19.0404707,1.5188971314480084 km
38, Európa Pizzéria,,,Váci utca 45,Pizza,NetPincér GO,SZÉP kártyás fizetés,Érintkezésmentes kiszállítás,,Budapest,Budapest Váci utca 45,"Európa Kávézó, 45, Váci utca, Belváros, Budapest, Közép-Magyarország, 1056, Magyarország",47.4909367,19.0543783,47.4983815,19.0404707,1.3354112103205165 km
40, Rokfort Étterem,5,2,Szalay utca 3,Magyaros,Pizza,NetPincér GO,SZÉP kártyás fizetés,Érintkezésmentes kiszállítás,Budapest,Budapest Szalay utca 3,"3, Szalay utca, Lipótváros, V. kerület, Budapest, Közép-Magyarország, 1055, Magyarország",47.5084347,19.0492162,47.4983815,19.0404707,1.2974654826668568 km
41, Bonnie Restro Comics,5,26,Ferenciek tere 5,Nemzetközi,Pizza,NetPincér GO,SZÉP kártyás fizetés,Érintkezésmentes kiszállítás,Budapest,Budapest Ferenciek tere 5,"Ibolya espresso, 5, Ferenciek tere, Belváros, Budapest, Közép-Magyarország, 1053, Magyarország",47.4922815,19.0564725,47.4983815,19.0404707,1.3833887889540222 km
42, Ape Regina Restaurant,4.1,7,Podmaniczky utca 18,Olasz,Tészta,Pizza,NetPincér GO,SZÉP kártyás fizetés,Budapest,Budapest Podmaniczky utca 18,"Ape Regina, 18, Podmaniczky utca, Terézváros, Budapest, Közép-Magyarország, 1065, Magyarország",47.5086038,19.057331,47.4983815,19.0404707,1.7044555814675393 km
43, Dolce Vita Pizza,4.9,44,Erkel utca 9,Olasz,Pizza,Algida,Készpénzes fizetés,,Budapest,Budapest Erkel utca 9,"9, Erkel utca, Belső-Ferencváros, IX. kerület, Budapest, Közép-Magyarország, 1092, Magyarország",47.48676695,19.062218952767136,47.4983815,19.0404707,2.0864374130674737 km
44, Moody Pizza,4,26,Duna utca 3,Magyaros,Pizza,Készpénzes fizetés,SZÉP kártyás fizetés,,Budapest,Budapest Duna utca 3,"Vinolia, 3, Duna utca, Belváros, Budapest, Közép-Magyarország, 1056, Magyarország",47.4917539,19.0534548,47.4983815,19.0404707,1.2248064158084848 km
45, Ciao Italia,3.7,11,Erzsébet körút 50,Olasz,Tészta,Pizza,NetPincér GO,SZÉP kártyás fizetés,Budapest,Budapest Erzsébet körút 50,"Ciao Italia, 50, Erzsébet körút, Ligetváros, Erzsébetváros, VII. kerület, Közép-Magyarország, 1073, Magyarország",47.5023114,19.0664936,47.4983815,19.0404707,2.008739967158433 km
46, Clooney Étterem és Pizza,2.8,5,Nyugati tér 6,Magyaros,Hamburger,Pizza,NetPincér GO,SZÉP kártyás fizetés,Budapest,Budapest Nyugati tér 6,"Nyugati tér, Terézváros, VI. kerület, Budapest, Közép-Magyarország, 1065, Magyarország",47.5103735,19.0556197,47.4983815,19.0404707,1.7550393055960771 km
47, Trattoria Pizzeria Monza,4.1,7,Krúdy Gyula utca 2,Tészta,Pizza,NetPincér GO,SZÉP kártyás fizetés,Érintkezésmentes kiszállítás,Budapest,Budapest Krúdy Gyula utca 2,"Don Leone, 2, Krúdy Gyula utca, Palotanegyed, Budapest, Közép-Magyarország, 1088, Magyarország",47.4901869,19.0668324,47.4983815,19.0404707,2.1853720807611423 km
48, Princess Bakery & Bistro,3.6,3,Kossuth Lajos tér 1,Pékség,Pizza,NetPincér GO,Érintkezésmentes kiszállítás,,Budapest,Budapest Kossuth Lajos tér 1,"Országgyűlési Könyvtár, 1-3, Kossuth Lajos tér, Lipótváros, V. kerület, Közép-Magyarország, 1055, Magyarország",47.5064257,19.0452978,47.4983815,19.0404707,0.9654726937219353 km
49," ""PizzaLabor - ha másra vágysz""",4.9,93,Erkel utca 9,Pizza,Algida,Készpénzes fizetés,SZÉP kártyás fizetés,,Budapest,Budapest Erkel utca 9,"9, Erkel utca, Belső-Ferencváros, IX. kerület, Budapest, Közép-Magyarország, 1092, Magyarország",47.48676695,19.062218952767136,47.4983815,19.0404707,2.0864374130674737 km
50, Patkó Bandi Étterem-Söröző,4.6,12,Váci út 12,Magyaros,Hamburger,Pizza,NetPincér GO,SZÉP kártyás fizetés,Budapest,Budapest Váci út 12,"12, Váci út, Újlipótváros, VI. kerület, Budapest, Közép-Magyarország, 1132, Magyarország",47.5128519,19.057197,47.4983815,19.0404707,2.043561772152234 km
51, Da Giovanni Pizzéria - 7. kerület,4.3,12,Dohány utca 88,Olasz,Pizza,Algida,Készpénzes fizetés,SZÉP kártyás fizetés,Budapest,Budapest Dohány utca 88,"Budapesti Bárczi Gusztáv Óvoda, Általános Iskola és Készségfejlesztő Speciális Szakiskola, 88, Dohány utca, Ligetváros, Erzsébetváros, VII. kerület, Budapest, Közép-Magyarország, 1074, Magyarország",47.5004935,19.0730636,47.4983815,19.0404707,2.4668924559479533 km
52, Vidocq Étterem,4,130,Lajos utca 98,Olasz,Magyaros,Pizza,Készpénzes fizetés,,Budapest,Budapest Lajos utca 98,"Vidocq Étterem, 98, Lajos utca, Óbuda, III. kerület, Budapest, Közép-Magyarország, 1036, Magyarország",47.5330609,19.0407838,47.4983815,19.0404707,3.855758852990389 km
53, DonMash Pizza,4.1,66,Váci utca 41,Cukrászda,Pizza,Készpénzes fizetés,SZÉP kártyás fizetés,,Budapest,Budapest Váci utca 41,"Paparazzi, 41/a, Váci utca, Belváros, Budapest, Közép-Magyarország, 1056, Magyarország",47.4915752,19.0537983,47.4983815,19.0404707,1.257435597577912 km
54, Enrico from Sicily,3.9,35,Váci utca 41,Pizza,Olasz,Készpénzes fizetés,SZÉP kártyás fizetés,,Budapest,Budapest Váci utca 41,"Paparazzi, 41/a, Váci utca, Belváros, Budapest, Közép-Magyarország, 1056, Magyarország",47.4915752,19.0537983,47.4983815,19.0404707,1.257435597577912 km
55, Pizza Hungarica,3.7,25,Duna utca 3,Reggelizőhely,Cukrászda,Pizza,Reggelizőhely,Készpénzes fizetés,Budapest,Budapest Duna utca 3,"Vinolia, 3, Duna utca, Belváros, Budapest, Közép-Magyarország, 1056, Magyarország",47.4917539,19.0534548,47.4983815,19.0404707,1.2248064158084848 km
56, Facebistro,5,4,Hollán Ernő utca 13-15.,Olasz,Magyaros,Pizza,NetPincér GO,SZÉP kártyás fizetés,Budapest,Budapest Hollán Ernő utca 13-15.,"13-15, Hollán Ernő utca, Újlipótváros, XIII. kerület, Budapest, Közép-Magyarország, 1136, Magyarország",47.5148216,19.0505977,47.4983815,19.0404707,1.9806471848104665 km
59, Pizza Fabbrica,4.5,97,Garay utca 30,Hamburger,Magyaros,Olasz,Pizza,Készpénzes fizetés,Budapest,Budapest Garay utca 30,"30, Garay utca, Ligetváros, Erzsébetváros, VII. kerület, Közép-Magyarország, 1076, Magyarország",47.502362,19.0827824,47.4983815,19.0404707,3.2184637560274996 km
60, Casa Mia Trattoria,4.2,12,Pozsonyi út 37,Olasz,Pizza,Készpénzes fizetés,SZÉP kártyás fizetés,,Budapest,Budapest Pozsonyi út 37,"Pozsonyi út, Újlipótváros, XIII. kerület, Budapest, Közép-Magyarország, 1137, Magyarország",47.5154445,19.0495356,47.4983815,19.0404707,2.016244466333202 km
61, Ragazzi Pizza & Burger,4,144,Lajos utca 98,Hamburger,Pizza,Készpénzes fizetés,,,Budapest,Budapest Lajos utca 98,"Vidocq Étterem, 98, Lajos utca, Óbuda, III. kerület, Budapest, Közép-Magyarország, 1036, Magyarország",47.5330609,19.0407838,47.4983815,19.0404707,3.855758852990389 km
62, Ígykerek,4.2,10,Szent István park 26,Olasz,Pizza,NetPincér GO,SZÉP kártyás fizetés,Érintkezésmentes kiszállítás,Budapest,Budapest Szent István park 26,"Szent István Park Gyógyszertár, 26, Szent István park, Újlipótváros, Budapest, Közép-Magyarország, 1137, Magyarország",47.518635,19.0520367,47.4983815,19.0404707,2.4144843035049592 km
63, Magyar Menübár,4,71,Üllői út 121,Pizza,Reggelizőhely,Tészta,Leves,Magyaros,Budapest,Budapest Üllői út 121,"Nagyvárad Gyógyszertár, 121, Üllői út, Középső-Ferencváros, Budapest, Közép-Magyarország, 1091, Magyarország",47.4791363,19.0883315,47.4983815,19.0404707,4.193694969751101 km
64, Avanti Pizzéria - Lajos utca,4,93,Lajos utca 98,Olasz,Hamburger,Amerikai,Pizza,Készpénzes fizetés,Budapest,Budapest Lajos utca 98,"Vidocq Étterem, 98, Lajos utca, Óbuda, III. kerület, Budapest, Közép-Magyarország, 1036, Magyarország",47.5330609,19.0407838,47.4983815,19.0404707,3.855758852990389 km
65, Theo Papa Konyhája,4.2,1481,Mártírok útja 240,Pizza,Nemzetközi,Magyaros,Mexikói,Amerikai,Budapest,Budapest Mártírok útja 240,"240, Mártírok útja, Gubacsipuszta, XX. kerület, Közép-Magyarország, 1204, Magyarország",47.43382,19.1347863,47.4983815,19.0404707,10.103669141387355 km
66, Bíbor Pizza,4.5,44,Népfürdő utca 17,Pizza,Készpénzes fizetés,,,,Budapest,Budapest Népfürdő utca 17,"17/e, Népfürdő utca, Vizafogó, XIII. kerület, Közép-Magyarország, 1138, Magyarország",47.5316225,19.0589072,47.4983815,19.0404707,3.9480488429433525 km
67, Trattoria Toscana,4.7,98,Belgrád rakpart 13,Pizza,Olasz,Ételérzékenyeknek is,Készpénzes fizetés,SZÉP kártyás fizetés,Budapest,Budapest Belgrád rakpart 13,"L'enoteca, 13-15, Belgrád rakpart, Belváros, Budapest, Közép-Magyarország, 1056, Magyarország",47.4886851,19.0545842,47.4983815,19.0404707,1.514334027104914 km
68, M35 Vendéglő,4.6,45,Márton utca 35,Olasz,Magyaros,Hamburger,Amerikai,Pizza,Budapest,Budapest Márton utca 35,"M35, 35, Márton utca, Középső-Ferencváros, Budapest, Közép-Magyarország, 1094, Magyarország",47.4804349,19.0821646,47.4983815,19.0404707,3.722017991530342 km
69, Pörkölő extra,4.3,109,Üllői út 121,Pizza,Reggelizőhely,Magyaros,Reggelizőhely,Készpénzes fizetés,Budapest,Budapest Üllői út 121,"Nagyvárad Gyógyszertár, 121, Üllői út, Középső-Ferencváros, Budapest, Közép-Magyarország, 1091, Magyarország",47.4791363,19.0883315,47.4983815,19.0404707,4.193694969751101 km
70, Home Bistro extra,3.6,30,Üllői út 121,Pizza,Reggelizőhely,Magyaros,Reggelizőhely,Készpénzes fizetés,Budapest,Budapest Üllői út 121,"Nagyvárad Gyógyszertár, 121, Üllői út, Középső-Ferencváros, Budapest, Közép-Magyarország, 1091, Magyarország",47.4791363,19.0883315,47.4983815,19.0404707,4.193694969751101 km
71, Duplo pizza,4.1,31,Üllői út 121,Pizza,Készpénzes fizetés,,,,Budapest,Budapest Üllői út 121,"Nagyvárad Gyógyszertár, 121, Üllői út, Középső-Ferencváros, Budapest, Közép-Magyarország, 1091, Magyarország",47.4791363,19.0883315,47.4983815,19.0404707,4.193694969751101 km
72, Chicos Pizza & Nachos,3.9,285,Búza utca 6,Mexikói,Pizza,Készpénzes fizetés,,,Budapest,Budapest Búza utca 6,"Három Haver Söröző, 6, Búza utca, Kaszásdűlői lakótelep, III. kerület, Budapest, Közép-Magyarország, 1033, Magyarország",47.5581132,19.0449152,47.4983815,19.0404707,6.649466558061807 km
73, Street Magic,4.1,197,Búza utca 6,Mexikói,Hamburger,Amerikai,Saláta,Pizza,Budapest,Budapest Búza utca 6,"Három Haver Söröző, 6, Búza utca, Kaszásdűlői lakótelep, III. kerület, Budapest, Közép-Magyarország, 1033, Magyarország",47.5581132,19.0449152,47.4983815,19.0404707,6.649466558061807 km
74, Fries Point,4,172,Búza utca 6,Pizza,Magyaros,Készpénzes fizetés,,,Budapest,Budapest Búza utca 6,"Három Haver Söröző, 6, Búza utca, Kaszásdűlői lakótelep, III. kerület, Budapest, Közép-Magyarország, 1033, Magyarország",47.5581132,19.0449152,47.4983815,19.0404707,6.649466558061807 km
75, Salt and Pepper,4.8,923,Antall József utca 24,Pizza,Hamburger,Algida,Készpénzes fizetés,SZÉP kártyás fizetés,Debrecen,Debrecen Antall József utca 24,"Antall József utca, Miklóskapu, Debrecen, Debreceni járás, Hajdú-Bihar megye, Észak-Alföld, Alföld és Észak, 4025, Magyarország",47.5236162,21.6233505,47.531399,21.6259782,0.8876373874478637 km
76, HappyHOT Pizza DEBRECEN,4.6,419,Bethlen utca 46,Olasz,Magyaros,Pizza,Készpénzes fizetés,SZÉP kártyás fizetés,Debrecen,Debrecen Bethlen utca 46,"46, Bethlen utca, Péterfia, Debrecen, Debreceni járás, Hajdú-Bihar megye, Észak-Alföld, Alföld és Észak, 4026, Magyarország",47.536148850000004,21.6214221,47.531399,21.6259782,0.6297369541119756 km
77, Piedone Pizzéria,3.9,206,Baross Gábor utca 27,Olasz,Magyaros,Hamburger,Grill,Pizza,Debrecen,Debrecen Baross Gábor utca 27,"Baross Gábor utca, Kandia, Debrecen, Debreceni járás, Hajdú-Bihar megye, Észak-Alföld, Alföld és Észak, 4029, Magyarország",47.5300366,21.6376453,47.531399,21.6259782,0.8914907305111487 km
78, Casanova Pizza,3.5,112,Baross Gábor utca 27,Olasz,Magyaros,Mexikói,Hamburger,Amerikai,Debrecen,Debrecen Baross Gábor utca 27,"Baross Gábor utca, Kandia, Debrecen, Debreceni járás, Hajdú-Bihar megye, Észak-Alföld, Alföld és Észak, 4029, Magyarország",47.5300366,21.6376453,47.531399,21.6259782,0.8914907305111487 km
79, Pomodoro Pizza,4.3,173,Simonffy utca 1,Pizza,Készpénzes fizetés,,,,Debrecen,Debrecen Simonffy utca 1,"Simonffy utca, Belváros, Debrecen, Debreceni járás, Hajdú-Bihar megye, Észak-Alföld, Alföld és Észak, 4025, Magyarország",47.5284937,21.6207329,47.531399,21.6259782,0.5102387575713235 km
80, Station Bistro,4.7,385,Petőfi tér 10,Olasz,Hamburger,Amerikai,Pizza,Készpénzes fizetés,Debrecen,Debrecen Petőfi tér 10,"Petőfi presszó, 10, Petőfi tér, Ispotály, Debrecen, Debreceni járás, Hajdú-Bihar megye, Észak-Alföld, Alföld és Észak, 4025, Magyarország",47.5210074,21.6268256,47.531399,21.6259782,1.1571105243718227 km
81, Pizza Holiday Debrecen,4.8,321,Baross Gábor utca 31,Magyaros,Hamburger,Pizza,Készpénzes fizetés,,Debrecen,Debrecen Baross Gábor utca 31,"Baross Gábor utca, Kandia, Debrecen, Debreceni járás, Hajdú-Bihar megye, Észak-Alföld, Alföld és Észak, 4029, Magyarország",47.5300366,21.6376453,47.531399,21.6259782,0.8914907305111487 km
82, Pizza Hut Debrecen,4,298,Péterfia utca 18,Pizza,Készpénzes fizetés,,,,Debrecen,Debrecen Péterfia utca 18,"McDonald's, 18, Péterfia utca, Péterfia, Debrecen, Debreceni járás, Hajdú-Bihar megye, Észak-Alföld, Alföld és Észak, 4026, Magyarország",47.5353353,21.6244344,47.531399,21.6259782,0.4528170388603348 km
83, Bellozzo - Debrecen,4.7,429,Csapó utca 30,Pizza,Tészta,Olasz,NetPincér GO,SZÉP kártyás fizetés,Debrecen,Debrecen Csapó utca 30,"Leroy Café Debrecen, 30, Csapó utca, Óváros, Debrecen, Debreceni járás, Hajdú-Bihar megye, Észak-Alföld, Alföld és Észak, 4024, Magyarország",47.532389,21.6287304,47.531399,21.6259782,0.23465207793616433 km
84, Király Pizza Debrecen,4.3,206,Batthyány utca 4,Magyaros,Hamburger,Pizza,Készpénzes fizetés,,Debrecen,Debrecen Batthyány utca 4,"Batthyány utca, Belváros, Debrecen, Debreceni járás, Hajdú-Bihar megye, Észak-Alföld, Alföld és Észak, 4024, Magyarország",47.5280455,21.6285534,47.531399,21.6259782,0.4202585969935315 km
85, Full Pizza,4.5,225,Sarló utca 2,Pizza,Készpénzes fizetés,SZÉP kártyás fizetés,,,Debrecen,Debrecen Sarló utca 2,"Valhalla Söröző, 2, Sarló utca, Sámsonikert, Debrecen, Debreceni járás, Hajdú-Bihar megye, Észak-Alföld, Alföld és Észak, 4028, Magyarország",47.5382002,21.6397525,47.531399,21.6259782,1.2835118769096603 km
86, Corleone Ristorante,4.5,138,Simonffy utca 7,Olasz,Tészta,Pizza,Tészta,Készpénzes fizetés,Debrecen,Debrecen Simonffy utca 7,"Halköz apartman, 7, Simonffy utca, Belváros, Debrecen, Debreceni járás, Hajdú-Bihar megye, Észak-Alföld, Alföld és Észak, 4025, Magyarország",47.5291219,21.6228268,47.531399,21.6259782,0.3469975045048143 km
88, Pop Art Café,4.7,157,Bihari utca 2,Pizza,Hamburger,Magyaros,Készpénzes fizetés,,Debrecen,Debrecen Bihari utca 2,"Bihari utca, Bozzaytelep, Debrecen, Debreceni járás, Hajdú-Bihar megye, Észak-Alföld, Alföld és Észak, 4030, Magyarország",47.5177664,21.6633209,47.531399,21.6259782,3.1946643851415457 km
89, Döner-Kebab Pizzéria,4.7,520,Mikepércsi út 10,Pizza,Magyaros,Görög,Török,Készpénzes fizetés,Debrecen,Debrecen Mikepércsi út 10,"Mikepércsi út, Epreskert, Debrecen, Debreceni járás, Hajdú-Bihar megye, Észak-Alföld, Alföld és Észak, 4030, Magyarország",47.5019142,21.6309493,47.531399,21.6259782,3.2994604811186194 km
90, Manna Étterem,4.7,123,Damjanich utca 22,Magyaros,Pizza,Készpénzes fizetés,,,Debrecen,Debrecen Damjanich utca 22,"Pizza Hut, 22, Damjanich utca, Óváros, Debrecen, Debreceni járás, Hajdú-Bihar megye, Észak-Alföld, Alföld és Észak, 4028, Magyarország",47.5434057,21.6327927,47.531399,21.6259782,1.430121668359304 km
91, Pizza Piccante,4.5,7,Csapó utca 95,Pizza,Készpénzes fizetés,SZÉP kártyás fizetés,,,Debrecen,Debrecen Csapó utca 95,"Csapó utca, Burgundia, Debrecen, Debreceni járás, Hajdú-Bihar megye, Észak-Alföld, Alföld és Észak, 4029, Magyarország",47.5369239,21.6375522,47.531399,21.6259782,1.0661920553032118 km
92," Upps a la Pasta, Pizza & Bar",4.2,47,Egyetem tér 1,Nemzetközi,Tészta,Pizza,Tészta,Készpénzes fizetés,Debrecen,Debrecen Egyetem tér 1,"Koli Klub, 1, Egyetem tér, Sestakert, Debrecen, Debreceni járás, Hajdú-Bihar megye, Észak-Alföld, Alföld és Észak, 4032, Magyarország",47.5556013,21.6235573,47.531399,21.6259782,2.697011172750957 km
93, Egyél Debrecen!,3.5,26,Baross Gábor utca 27B,Magyaros,Pizza,Algida,Készpénzes fizetés,SZÉP kártyás fizetés,Debrecen,Debrecen Baross Gábor utca 27B,"Baross Gábor utca, Kandia, Debrecen, Debreceni járás, Hajdú-Bihar megye, Észak-Alföld, Alföld és Észak, 4029, Magyarország",47.5300366,21.6376453,47.531399,21.6259782,0.8914907305111487 km
94, Kalória Bisztró - Kishegyesi út,4.5,8,Kishegyesi út 1-11,Magyaros,Görög,Pizza,NetPincér GO,SZÉP kártyás fizetés,Debrecen,Debrecen Kishegyesi út 1-11,"Tesco Extra, 1-11, Kishegyesi út, Széchenyikert, Debrecen, Debreceni járás, Hajdú-Bihar megye, Észak-Alföld, Alföld és Észak, 4031, Magyarország",47.53107985,21.60916088396663,47.531399,21.6259782,1.2668218137012264 km
95, Pálma Pub,4.6,66,Simonyi utca 44,Olasz,Magyaros,Grill,Pizza,Grill,Debrecen,Debrecen Simonyi utca 44,"Simonyi út, Nagyerdő, Debrecen, Debreceni járás, Hajdú-Bihar megye, Észak-Alföld, Alföld és Észak, 4032, Magyarország",47.5457523,21.6267052,47.531399,21.6259782,1.5967575208467644 km
97, Pizzaguru,4.8,228,Oskola utca 8,Saláta,Tészta,Leves,Pizza,Saláta,Szeged,Szeged Oskola utca 8,"8, Oskola utca, Franciahögy lakópark, Belváros, Szeged, Szegedi járás, Csongrád-Csanád megye, Dél-Alföld, Alföld és Észak, 6720, Magyarország",46.2506036,20.1499995,46.2546312,20.1486016,0.4604867968608079 km
98, Duna Döner Szeged,4.7,450,Oskola utca 23,Pizza,Hamburger,Grill,Török,NetPincér GO,Szeged,Szeged Oskola utca 23,"Duna Döner, 23, Oskola utca, Franciahögy lakópark, Belváros, Szeged, Szegedi járás, Csongrád-Csanád megye, Dél-Alföld, Alföld és Észak, 6720, Magyarország",46.250014,20.1491409,46.2546312,20.1486016,0.5149126536756814 km
99, Turbó Pizza,4.7,258,Tisza Lajos Körút 59,Olasz,Pizza,Készpénzes fizetés,,,Szeged,Szeged Tisza Lajos Körút 59,"Bagolyvárium (Körúti Antikvárium), 59, Tisza Lajos körút, Franciahögy lakópark, Belváros, Szeged, Szegedi járás, Csongrád-Csanád megye, Dél-Alföld, Alföld és Észak, 6722, Magyarország",46.2532347,20.1452516,46.2546312,20.1486016,0.3013661555644085 km
100, Pizza DiAngelo,4.6,208,Csongrádi sugárút 8/B,Pizza,Készpénzes fizetés,SZÉP kártyás fizetés,,,Szeged,Szeged Csongrádi sugárút 8/B,"Pizza Hub, 8/B, Csongrádi sugárút, Franciahögy lakópark, Belváros, Szeged, Szegedi járás, Csongrád-Csanád megye, Dél-Alföld, Alföld és Észak, 6721, Magyarország",46.2601442,20.1505599,46.2546312,20.1486016,0.6311325608131668 km
101, American Chicken Fast Food & Pizza,4.7,557,Fésű utca 6,Amerikai,Hamburger,Pizza,Készpénzes fizetés,SZÉP kártyás fizetés,Szeged,Szeged Fésű utca 6,"Fésű utca, Lőtér lakópark, Odessza, Szeged, Szegedi járás, Csongrád-Csanád megye, Dél-Alföld, Alföld és Észak, 6726, Magyarország",46.243248949999995,20.159296324923297,46.2546312,20.1486016,1.5102721876826986 km
102, Pizzamonster,4.7,541,Sárosi utca 2,Amerikai,Hamburger,Olasz,Pizza,Készpénzes fizetés,Szeged,Szeged Sárosi utca 2,"Diófa Söröző, 2, Sárosi utca, Gedó, Északi városrész, Szeged, Szegedi járás, Csongrád-Csanád megye, Dél-Alföld, Alföld és Észak, 6724, Magyarország",46.2692854,20.1502093,46.2546312,20.1486016,1.6336176515180132 km
103, Happy Hot Pizza Szeged,4.8,233,Makkosházi Körút 23,Pizza,Készpénzes fizetés,SZÉP kártyás fizetés,,,Szeged,Szeged Makkosházi Körút 23,"Happy Hot Pizzéria, 23, Makkosházi körút, Gedó, Makkosház, Szeged, Szegedi járás, Csongrád-Csanád megye, Dél-Alföld, Alföld és Észak, 6723, Magyarország",46.272812349999995,20.152104483629444,46.2546312,20.1486016,2.038915736305919 km
104, Margaréta Pizzéria,4.6,72,Horváth Mihály utca 7,Pizza,SZÉP kártyás fizetés,,,,Szeged,Szeged Horváth Mihály utca 7,"Margaréta Pizzéria, 7, Horváth Mihály utca, Franciahögy lakópark, Belváros, Szeged, Szegedi járás, Csongrád-Csanád megye, Dél-Alföld, Alföld és Észak, 6720, Magyarország",46.2551402,20.1506548,46.2546312,20.1486016,0.1681220180428386 km
105, Pizza e Pasta,4.5,72,Klauzál Tér 6,Pizza,Olasz,Készpénzes fizetés,SZÉP kártyás fizetés,,Szeged,Szeged Klauzál Tér 6,"6, Klauzál tér, Franciahögy lakópark, Belváros, Szeged, Szegedi járás, Csongrád-Csanád megye, Dél-Alföld, Alföld és Észak, 6720, Magyarország",46.2520012,20.1477129,46.2546312,20.1486016,0.30026516937788045 km
106, Pizzafaló Szeged,4.4,67,Vedres utca 14,Cukrászda,Hamburger,Olasz,Pizza,Készpénzes fizetés,Szeged,Szeged Vedres utca 14,"Vedres Utcai Óvoda és bölcsőde, 14, Vedres utca, Odessza, Szeged, Szegedi járás, Csongrád-Csanád megye, Dél-Alföld, Alföld és Észak, 6726, Magyarország",46.245335,20.156536253562052,46.2546312,20.1486016,1.2008984374195895 km
108, Zero Street Food,4.5,97,Jókai utca 1,Pizza,Amerikai,Hamburger,Ételérzékenyeknek is,Készpénzes fizetés,Szeged,Szeged Jókai utca 1,"Burger King, 1, Jókai utca, Franciahögy lakópark, Belváros, Szeged, Szegedi járás, Csongrád-Csanád megye, Dél-Alföld, Alföld és Észak, 6720, Magyarország",46.2494411,20.1457438,46.2546312,20.1486016,0.6175671862367735 km
109, Lucky Pizzéria,4.8,156,Kálvária tér 32,Olasz,Pizza,Készpénzes fizetés,SZÉP kártyás fizetés,,Szeged,Szeged Kálvária tér 32,"Kálvária Cukrászda, 32, Kálvária tér, Franciahögy lakópark, Móraváros, Szeged, Szegedi járás, Csongrád-Csanád megye, Dél-Alföld, Alföld és Észak, 6725, Magyarország",46.2524537,20.1341121,46.2546312,20.1486016,1.143184076574886 km
110, Rudi & Fickó,4.8,26,Oroszlán utca 4,Pizza,NetPincér GO,SZÉP kártyás fizetés,Érintkezésmentes kiszállítás,,Szeged,Szeged Oroszlán utca 4,"4, Oroszlán utca, Franciahögy lakópark, Belváros, Szeged, Szegedi járás, Csongrád-Csanád megye, Dél-Alföld, Alföld és Észak, 6720, Magyarország",46.2511052,20.1492005,46.2546312,20.1486016,0.3946482834349456 km
111, Monkey's Bistro - Szeged,4.5,51,Pille utca 15,Magyaros,Hamburger,Pizza,Készpénzes fizetés,,Szeged,Szeged Pille utca 15,"Pizza Monkey, 15, Pille utca, Tömörkény-üdülőtelep, Felsőváros, Szeged, Szegedi járás, Csongrád-Csanád megye, Dél-Alföld, Alföld és Észak, 6723, Magyarország",46.25943445,20.17038344767996,46.2546312,20.1486016,1.7622884327848802 km
112, Campus ízművek és látványpizzéria,4.6,13,Vitéz utca 24,Pizza,NetPincér GO,SZÉP kártyás fizetés,Érintkezésmentes kiszállítás,,Szeged,Szeged Vitéz utca 24,"Campus Beer&More, 24, Vitéz utca, Franciahögy lakópark, Belváros, Szeged, Szegedi járás, Csongrád-Csanád megye, Dél-Alföld, Alföld és Észak, 6722, Magyarország",46.2475652,20.142583257391493,46.2546312,20.1486016,0.9122922357742583 km
113, Görög Pizzéria,4.7,101,Fürj utca 29,Magyaros,Pizza,Készpénzes fizetés,,,Szeged,Szeged Fürj utca 29,"Görög Pizzéria, 29, Fürj utca, Tömörkény-üdülőtelep, Újszeged, Szeged, Szegedi járás, Csongrád-Csanád megye, Dél-Alföld, Alföld és Észak, 6726, Magyarország",46.2513936,20.1721549,46.2546312,20.1486016,1.8514943974042366 km
114, Pizza Király Szeged,4.7,34,Fő fasor 69/A,Magyaros,Pizza,Készpénzes fizetés,SZÉP kártyás fizetés,,Szeged,Szeged Fő fasor 69/A,"Fő fasor, Hársfa lakópark, Marostői kiskertek, Szeged, Szegedi járás, Csongrád-Csanád megye, Dél-Alföld, Alföld és Észak, 6726, Magyarország",46.2376377,20.1927028,46.2546312,20.1486016,3.8903944440874967 km
115, Tibi Papa Zabbantyú & Home Food,4.8,36,Boldogasszony sugárút 63,Pizza,Szendvics,Saláta,Olasz,Saláta,Szeged,Szeged Boldogasszony sugárút 63,"Szépség állomás, 63, Boldogasszony sugárút, Alsóváros, Szeged, Szegedi járás, Csongrád-Csanád megye, Dél-Alföld, Alföld és Észak, 6725, Magyarország",46.2413589,20.1419181,46.2546312,20.1486016,1.5627378243378494 km
116, Zed Slice,4.9,87,Petőfi Sándor sugárút 24,Cukrászda,Pizza,Készpénzes fizetés,,,Szeged,Szeged Petőfi Sándor sugárút 24,"Print ink, 24, Petőfi Sándor sugárút, Franciahögy lakópark, Móraváros, Szeged, Szegedi járás, Csongrád-Csanád megye, Dél-Alföld, Alföld és Észak, 6722, Magyarország",46.2482731,20.1409602,46.2546312,20.1486016,0.9201574717222359 km
117, Pizza Love,4.8,128,József Attila sugárút 128,Olasz,Pizza,Készpénzes fizetés,SZÉP kártyás fizetés,,Szeged,Szeged József Attila sugárút 128,"József Attila sugárút, Gedó, Tarján, Szeged, Szegedi járás, Csongrád-Csanád megye, Dél-Alföld, Alföld és Észak, 6723, Magyarország",46.275626,20.1653387,46.2546312,20.1486016,2.6666609900988623 km
118, Napfény Street Food,4.6,10,Szabadkai út 7,Pizza,Hamburger,Készpénzes fizetés,,,Szeged,Szeged Szabadkai út 7,"Tesco, 7, Szabadkai út, Vadaspark lakópark, Klebelsbergtelep, Szeged, Szegedi járás, Csongrád-Csanád megye, Dél-Alföld, Alföld és Észak, 6725, Magyarország",46.2442997,20.1210093,46.2546312,20.1486016,2.4178974606515427 km
119, Boss Pizzéria és Hamburger Bár,5,1,Dorozsmai út 191,Pizza,Készpénzes fizetés,SZÉP kártyás fizetés,,,Szeged,Szeged Dorozsmai út 191,"Dorozsmai út, Iparváros, Szeged, Szegedi járás, Csongrád-Csanád megye, Dél-Alföld, Alföld és Észak, 6728, Magyarország",46.2668937,20.1075888,46.2546312,20.1486016,3.44330518928121 km
120, Rustica Pizzéria,4.5,31,Szentháromság utca 6,Nemzetközi,Pizza,Készpénzes fizetés,SZÉP kártyás fizetés,,Szeged,Szeged Szentháromság utca 6,"Bohém Tanya, 6, Szentháromság utca, Franciahögy lakópark, Belváros, Szeged, Szegedi járás, Csongrád-Csanád megye, Dél-Alföld, Alföld és Észak, 6722, Magyarország",46.2471009,20.1455791,46.2546312,20.1486016,0.8688832955636241 km
121, Rockabilly Chicken,4.8,621,Mésztelep 1/A,Pizza,Hamburger,Magyaros,Algida,Készpénzes fizetés,Miskolc,Miskolc Mésztelep 1/A,"Mésztelep, Miskolc, Miskolci járás, Borsod-Abaúj-Zemplén megye, Észak-Magyarország, Alföld és Észak, 3508, Magyarország",48.072337,20.7803638,48.1031503,20.7901985,3.5036566552198445 km
124, Pizza Hut Miskolc Pláza,4.6,174,Szentpáli utca 4,Pizza,Készpénzes fizetés,SZÉP kártyás fizetés,,,Miskolc,Miskolc Szentpáli utca 4,"Szentpáli utca, Vörösmarty-városrész, Miskolc, Miskolci járás, Borsod-Abaúj-Zemplén megye, Észak-Magyarország, Alföld és Észak, 3530, Magyarország",48.1025839,20.7891051,48.1031503,20.7901985,0.10294529179100084 km
125, Rossita,4.8,626,Meggyesalja u. 18,Olasz,Pizza,Készpénzes fizetés,,,Miskolc,Miskolc Meggyesalja u. 18,"Rossita kisvendéglő, 18, Meggyesalja utca, Muszkástelep, Vologda, Miskolc, Miskolci járás, Borsod-Abaúj-Zemplén megye, Észak-Magyarország, Alföld és Észak, 3530, Magyarország",48.101483,20.772383,48.1031503,20.7901985,1.3397460029948483 km
127, Pizza Mobil,4.7,365,Zamenhof utca 1,Olasz,Pizza,Készpénzes fizetés,,,Miskolc,Miskolc Zamenhof utca 1,"Zamenhof utca, Zsolcai kapu, Miskolc, Miskolci járás, Borsod-Abaúj-Zemplén megye, Észak-Magyarország, Alföld és Észak, 3530, Magyarország",48.101559,20.7987922,48.1031503,20.7901985,0.6640458852506663 km
128, Király Pizza - Miskolc,4.6,918,Déryné utca 7,Olasz,Hamburger,Amerikai,Görög,Pizza,Miskolc,Miskolc Déryné utca 7,"Déryné utca, Belváros, Miskolc, Miskolci járás, Borsod-Abaúj-Zemplén megye, Észak-Magyarország, Alföld és Észak, 3525, Magyarország",48.1041732,20.7843307,48.1031503,20.7901985,0.45156736359875993 km
129, Diablo Pizzéria Miskolc,4.3,235,Csabai kapu 26,Olasz,Magyaros,Vegetariánus,Pizza,Vegetáriánus,Miskolc,Miskolc Csabai kapu 26,"Csabai kapu, Csermőke, Népkert, Miskolc, Miskolci járás, Borsod-Abaúj-Zemplén megye, Észak-Magyarország, Alföld és Észak, 3529, Magyarország",48.0939833,20.785703,48.1031503,20.7901985,1.0728876747471512 km
131, Valentino Pizzéria,4.9,58,Kuruc utca 37,Pizza,Készpénzes fizetés,,,,Miskolc,Miskolc Kuruc utca 37,"37, Kuruc utca, Diósgyőri-lakótelep, Berekalja, Miskolc, Miskolci járás, Borsod-Abaúj-Zemplén megye, Észak-Magyarország, Alföld és Észak, 3535, Magyarország",48.1031987,20.6891349,48.1031503,20.7901985,7.526858124369388 km
135, Chef House,4.7,50,Egyetemváros A/6.,Pizza,Magyaros,Hamburger,Készpénzes fizetés,,Miskolc,Miskolc Egyetemváros A/6.,"Egyetemváros, Miskolc, Miskolci járás, Borsod-Abaúj-Zemplén megye, Észak-Magyarország, Alföld és Észak, 3515, Magyarország",48.0811234,20.766029,48.1031503,20.7901985,3.03978018398194 km
136, Príma Pizza,4.8,139,Ady Endre utca 9,Pizza,Készpénzes fizetés,,,,Miskolc,Miskolc Ady Endre utca 9,"9, Ady Endre utca, Zsolcai kapu, Miskolc, Miskolci járás, Borsod-Abaúj-Zemplén megye, Észak-Magyarország, Alföld és Észak, 3527, Magyarország",48.1041107,20.79066284605096,48.1031503,20.7901985,0.11224913391423354 km
138, UNI-Pizza,4.4,15,Egyetemváros A/6,Pizza,Készpénzes fizetés,SZÉP kártyás fizetés,,,Miskolc,Miskolc Egyetemváros A/6,"Egyetemváros, Miskolc, Miskolci járás, Borsod-Abaúj-Zemplén megye, Észak-Magyarország, Alföld és Észak, 3515, Magyarország",48.0811234,20.766029,48.1031503,20.7901985,3.03978018398194 km
139, Pizza Boy Miskolc,4.7,96,Mésztelep 1/A,Pizza,Algida,Készpénzes fizetés,SZÉP kártyás fizetés,,Miskolc,Miskolc Mésztelep 1/A,"Mésztelep, Miskolc, Miskolci járás, Borsod-Abaúj-Zemplén megye, Észak-Magyarország, Alföld és Észak, 3508, Magyarország",48.072337,20.7803638,48.1031503,20.7901985,3.5036566552198445 km
140, Pizza Napoli,4.5,105,Kassai utca 55,Olasz,Pizza,Készpénzes fizetés,,,Miskolc,Miskolc Kassai utca 55,"Kassai utca, Szentpéteri kapu, Miskolc, Miskolci járás, Borsod-Abaúj-Zemplén megye, Észak-Magyarország, Alföld és Észak, 3526, Magyarország",48.1148604,20.7931574,48.1031503,20.7901985,1.3205868149407036 km
141, Don Pepe - Pécs,4.7,875,Megyeri út 76,Olasz,Nemzetközi,Magyaros,Hamburger,Vegán,Pécs,Pécs Megyeri út 76,"Pécs Pláza posta, 76, Megyeri út, Kertváros, Pécs, Pécsi járás, Baranya megye, Dél-Dunántúl, Dunántúl, 7609, Magyarország",46.0495757,18.210868,46.0763222,18.2280746,3.257440977129086 km
142, Donkey Pizza,4.7,478,Rákóczi út 50,Pizza,Algida,Készpénzes fizetés,,,Pécs,Pécs Rákóczi út 50,"Rákóczi út, Puturluk, Budai városrész, Pécs, Pécsi járás, Baranya megye, Dél-Dunántúl, Dunántúl, 7626, Magyarország",46.0748645,18.2398524,46.0763222,18.2280746,0.9253990501481445 km
143, Főnix Pizzéria,4.8,371,Hunyadi utca 2,Olasz,Pizza,Készpénzes fizetés,,,Pécs,Pécs Hunyadi utca 2,"Hunyadi János utca, Zidina, Mecsekoldal, Pécs, Pécsi járás, Baranya megye, Dél-Dunántúl, Dunántúl, 7625, Magyarország",46.0890802,18.2240858,46.0763222,18.2280746,1.4512630456391997 km
144, Pizza di Casa Pécs,4.7,594,Megyeri út 4,Olasz,Pizza,Készpénzes fizetés,,,Pécs,Pécs Megyeri út 4,"Professors Gym, 4, Megyeri út, Solidus Lakópark, Ispitaalja, Pécs, Pécsi járás, Baranya megye, Dél-Dunántúl, Dunántúl, 7623, Magyarország",46.070328,18.2132857,46.0763222,18.2280746,1.3239499715173357 km
145, Joker Food,4.6,314,Mártírok útja 14,Pizza,Magyaros,Hamburger,Készpénzes fizetés,,Pécs,Pécs Mártírok útja 14,"Joker Hostel, 14, Mártírok útja, Schlauch-villatelep, Ispitaalja, Pécs, Pécsi járás, Baranya megye, Dél-Dunántúl, Dunántúl, 7623, Magyarország",46.067253199999996,18.22236825952887,46.0763222,18.2280746,1.1004724657335192 km
146, Apolló Étterem,4.6,315,Őz utca 5,Olasz,Magyaros,Pizza,Készpénzes fizetés,,Pécs,Pécs Őz utca 5,"Apolló pizzéria és étterem, 5, Őz utca, Solidus Lakópark, Szigeti külváros, Pécs, Pécsi járás, Baranya megye, Dél-Dunántúl, Dunántúl, 7624, Magyarország",46.07456535,18.213290451759384,46.0763222,18.2280746,1.1602232940662367 km
147, Maestro Pizzeria - Pécs,4.5,178,Klimó György utca 12,Pizza,Magyaros,Hamburger,Amerikai,Olasz,Pécs,Pécs Klimó György utca 12,"Klimó György utca, Solidus Lakópark, Belváros, Pécs, Pécsi járás, Baranya megye, Dél-Dunántúl, Dunántúl, 7624, Magyarország",46.0767079,18.2207357,46.0763222,18.2280746,0.569327737637427 km
148, Don Gatto Pizza,4.6,176,Xavér utca 19,Olasz,Magyaros,Pizza,Készpénzes fizetés,SZÉP kártyás fizetés,Pécs,Pécs Xavér utca 19,"19, Xavér utca, Solidus Lakópark, Rókusdomb, Pécs, Pécsi járás, Baranya megye, Dél-Dunántúl, Dunántúl, 7624, Magyarország",46.0778077,18.21289252277778,46.0763222,18.2280746,1.1859705311178736 km
149, Pizza Gyár,4.8,1039,Xavér utca 19,Pizza,Olasz,Pizza,Ételérzékenyeknek is,Algida,Pécs,Pécs Xavér utca 19,"19, Xavér utca, Solidus Lakópark, Rókusdomb, Pécs, Pécsi járás, Baranya megye, Dél-Dunántúl, Dunántúl, 7624, Magyarország",46.0778077,18.21289252277778,46.0763222,18.2280746,1.1859705311178736 km
150, Grano Pizza & Pasta & Salad,4.7,200,Rákóczi út 71/a,Pizza,Tészta,Olasz,Tészta,Algida,Pécs,Pécs Rákóczi út 71/a,"Rákóczi út, Puturluk, Budai városrész, Pécs, Pécsi járás, Baranya megye, Dél-Dunántúl, Dunántúl, 7626, Magyarország",46.0748645,18.2398524,46.0763222,18.2280746,0.9253990501481445 km
151, Napsugár Pizzéria-Étterem,4.4,221,Szabadság utca 26,Olasz,Magyaros,Hamburger,Amerikai,Pizza,Pécs,Pécs Szabadság utca 26,"Szabadság út, Schlauch-villatelep, Siklósi városrész, Pécs, Pécsi járás, Baranya megye, Dél-Dunántúl, Dunántúl, 7623, Magyarország",46.0677278,18.2251568,46.0763222,18.2280746,0.9815978965780986 km
152, Póker Pizza Pécs,4.8,159,Megyeri út 64,Olasz,Pizza,Készpénzes fizetés,,,Pécs,Pécs Megyeri út 64,"Seal Ring, 64, Megyeri út, Solidus Lakópark, Északmegyer, Pécs, Pécsi járás, Baranya megye, Dél-Dunántúl, Dunántúl, 7623, Magyarország",46.0607752,18.2122743,46.0763222,18.2280746,2.11675079634026 km
153, Kebap & Pizza House,4.8,178,Rákóczi út 60,Gyorsétterem,Pizza,Török,NetPincér GO,SZÉP kártyás fizetés,Pécs,Pécs Rákóczi út 60,"Budapest Bank, 60, Rákóczi út, Schlauch-villatelep, Siklósi városrész, Pécs, Pécsi járás, Baranya megye, Dél-Dunántúl, Dunántúl, 7621, Magyarország",46.073401,18.231414,46.0763222,18.2280746,0.41492784415938416 km
154, Replay Café & Restaurant,4.6,45,Király utca 4,Pizza,Olasz,Nemzetközi,Mexikói,Hamburger,Pécs,Pécs Király utca 4,"4, Király utca, Zidina, Belváros, Pécs, Pécsi járás, Baranya megye, Dél-Dunántúl, Dunántúl, 7621, Magyarország",46.0761579,18.2291534,46.0763222,18.2280746,0.08542742373811299 km
156, Elefántos Étterem és Pizzéria,4.6,49,Jókai tér 6,Pizza,Olasz,Algida,Készpénzes fizetés,SZÉP kártyás fizetés,Pécs,Pécs Jókai tér 6,"Elefántos étterem és pizzéria, 6, Jókai tér, Schlauch-villatelep, Belváros, Pécs, Pécsi járás, Baranya megye, Dél-Dunántúl, Dunántúl, 7621, Magyarország",46.0756034,18.2273436,46.0763222,18.2280746,0.09788341736701789 km
157, Király 21 Beerhouse & Grill,4.9,57,Király utca 21,Pizza,Olasz,Nemzetközi,Mexikói,Amerikai,Pécs,Pécs Király utca 21,"Addiktológia, 21, Király utca, Zidina, Belváros, Pécs, Pécsi járás, Baranya megye, Dél-Dunántúl, Dunántúl, 7621, Magyarország",46.0771716,18.2320543,46.0763222,18.2280746,0.3220062965873405 km
159, Pizza Expressz Futárszolgálat,4.6,46,Szabadság utca 26,Pizza,Készpénzes fizetés,SZÉP kártyás fizetés,,,Pécs,Pécs Szabadság utca 26,"Szabadság út, Schlauch-villatelep, Siklósi városrész, Pécs, Pécsi járás, Baranya megye, Dél-Dunántúl, Dunántúl, 7623, Magyarország",46.0677278,18.2251568,46.0763222,18.2280746,0.9815978965780986 km
161, Bellozzo - Pécs,4.9,141,Bajcsy-Zsilinszky utca 11,Pizza,Tészta,Olasz,NetPincér GO,SZÉP kártyás fizetés,Pécs,Pécs Bajcsy-Zsilinszky utca 11,"Foxpost, 11, Bajcsy-Zsilinszky utca, Schlauch-villatelep, Siklósi városrész, Pécs, Pécsi járás, Baranya megye, Dél-Dunántúl, Dunántúl, 7622, Magyarország",46.071864,18.22995,46.0763222,18.2280746,0.5163424575736769 km
162, Tímár26 Pizza,4.9,207,Tímár utca 26,Pizza,Készpénzes fizetés,SZÉP kártyás fizetés,,,Pécs,Pécs Tímár utca 26,"Tímár utca, Zidina, Siklósi városrész, Pécs, Pécsi járás, Baranya megye, Dél-Dunántúl, Dunántúl, 7621, Magyarország",46.0745592,18.2339055,46.0763222,18.2280746,0.4917949147795442 km
163, NaPizza,4.9,345,Megyeri út 72,Olasz,Pizza,Készpénzes fizetés,,,Pécs,Pécs Megyeri út 72,"Megyeri út, Kertváros, Pécs, Pécsi járás, Baranya megye, Dél-Dunántúl, Dunántúl, 7632, Magyarország",46.0485744,18.2138037,46.0763222,18.2280746,3.275949177753339 km
164, Paradicsom Pizza,4.7,169,Rókusalja utca 14,Magyaros,Pizza,Készpénzes fizetés,,,Pécs,Pécs Rókusalja utca 14,"14, Rókusalja utca, Solidus Lakópark, Rókusdomb, Pécs, Pécsi járás, Baranya megye, Dél-Dunántúl, Dunántúl, 7624, Magyarország",46.07763905,18.212589017914752,46.0763222,18.2280746,1.2068090927190596 km
165, Pizza Zone Pécs,4.1,23,Szabadság utca 26,Pizza,Készpénzes fizetés,SZÉP kártyás fizetés,,,Pécs,Pécs Szabadság utca 26,"Szabadság út, Schlauch-villatelep, Siklósi városrész, Pécs, Pécsi járás, Baranya megye, Dél-Dunántúl, Dunántúl, 7623, Magyarország",46.0677278,18.2251568,46.0763222,18.2280746,0.9815978965780986 km
166, Pizza Bagoly Pécs,4.5,31,József Attila utca 41,Olasz,Hamburger,Pizza,Készpénzes fizetés,SZÉP kártyás fizetés,Pécs,Pécs József Attila utca 41,"Gól söröző, 41, József Attila utca, Solidus Lakópark, Ispitaalja, Pécs, Pécsi járás, Baranya megye, Dél-Dunántúl, Dunántúl, 7623, Magyarország",46.070713,18.215733,46.0763222,18.2280746,1.140298312187121 km
167, Grizzly Pizzéria,4.7,70,Őz utca 5,Pizza,Készpénzes fizetés,,,,Pécs,Pécs Őz utca 5,"Apolló pizzéria és étterem, 5, Őz utca, Solidus Lakópark, Szigeti külváros, Pécs, Pécsi járás, Baranya megye, Dél-Dunántúl, Dunántúl, 7624, Magyarország",46.07456535,18.213290451759384,46.0763222,18.2280746,1.1602232940662367 km
168, Elixír Restaurant and Pizzeria,4.6,93,Ifjúság útja 11,Olasz,Nemzetközi,Magyaros,Mexikói,Hamburger,Pécs,Pécs Ifjúság útja 11,"Ifjúság útja, Uránbányász-tér, Csoronika, Pécs, Pécsi járás, Baranya megye, Dél-Dunántúl, Dunántúl, 7624, Magyarország",46.0752655,18.2033805,46.0763222,18.2280746,1.9138804029909615 km
169, Inferno's Pizzéria,4.5,61,Őz utca 5,Pizza,Készpénzes fizetés,SZÉP kártyás fizetés,,,Pécs,Pécs Őz utca 5,"Apolló pizzéria és étterem, 5, Őz utca, Solidus Lakópark, Szigeti külváros, Pécs, Pécsi járás, Baranya megye, Dél-Dunántúl, Dunántúl, 7624, Magyarország",46.07456535,18.213290451759384,46.0763222,18.2280746,1.1602232940662367 km
170, Happy Hippo,4.8,462,Esztergár Lajos utca 10,Pizza,Készpénzes fizetés,SZÉP kártyás fizetés,,,Pécs,Pécs Esztergár Lajos utca 10,"Esztergár Lajos utca, Uránbányász-tér, Uránváros, Pécs, Pécsi járás, Baranya megye, Dél-Dunántúl, Dunántúl, 7633, Magyarország",46.0636314,18.1942527,46.0763222,18.2280746,2.9726591294328517 km
171, Azzurra Ristorante Pizzeria Bar,4.5,81,Király utca 19,Pizza,Saláta,Tészta,Olasz,Saláta,Pécs,Pécs Király utca 19,"19, Király utca, Zidina, Belváros, Pécs, Pécsi járás, Baranya megye, Dél-Dunántúl, Dunántúl, 7621, Magyarország",46.076852,18.231805,46.0763222,18.2280746,0.29451759127282223 km
172, Ernesto Pizzéria - Pécs,4.3,66,József Attila utca 41,Olasz,Magyaros,Hamburger,Amerikai,Pizza,Pécs,Pécs József Attila utca 41,"Gól söröző, 41, József Attila utca, Solidus Lakópark, Ispitaalja, Pécs, Pécsi járás, Baranya megye, Dél-Dunántúl, Dunántúl, 7623, Magyarország",46.070713,18.215733,46.0763222,18.2280746,1.140298312187121 km
173, Új Duplapizza,4.7,215,Esztergár Lajos utca 10,Pizza,Készpénzes fizetés,,,,Pécs,Pécs Esztergár Lajos utca 10,"Esztergár Lajos utca, Uránbányász-tér, Uránváros, Pécs, Pécsi járás, Baranya megye, Dél-Dunántúl, Dunántúl, 7633, Magyarország",46.0636314,18.1942527,46.0763222,18.2280746,2.9726591294328517 km
174, Flekken Főzőkonyha,4.5,284,Iparsziget utca 18,Olasz,Magyaros,Vegetariánus,Pizza,Vegetáriánus,Pécs,Pécs Iparsziget utca 18,"Iparsziget utca, Viktória-lakópark, Gyárváros, Pécs, Pécsi járás, Baranya megye, Dél-Dunántúl, Dunántúl, 7630, Magyarország",46.0805753,18.2712142,46.0763222,18.2280746,3.3703296427449203 km
175, Panda Fast Food,4.4,84,Százszorszép utca 19,Nemzetközi,Magyaros,Hamburger,Tészta,Pizza,Pécs,Pécs Százszorszép utca 19,"19, Százszorszép utca, Uránbányász-tér, Kovácstelep, Pécs, Pécsi járás, Baranya megye, Dél-Dunántúl, Dunántúl, 7634, Magyarország",46.0644738,18.189620259545457,46.0763222,18.2280746,3.2534880691717962 km
176, GP Ring (Grappa Pizzéria),4.6,81,Szaturnusz utca 2,Olasz,Pizza,Algida,Készpénzes fizetés,SZÉP kártyás fizetés,Pécs,Pécs Szaturnusz utca 2,"Szaturnusz utca, Málom, Pécs, Pécsi járás, Baranya megye, Dél-Dunántúl, Dunántúl, 7636, Magyarország",46.0297073,18.2176781,46.0763222,18.2280746,5.243452470671568 km
177, Park Pizza,4.8,124,Dózsa György utca 104,Magyaros,Amerikai,Pizza,Készpénzes fizetés,SZÉP kártyás fizetés,Pécs,Pécs Dózsa György utca 104,"Dózsa György utca, Viktória-lakópark, Diós, Pécs, Pécsi járás, Baranya megye, Dél-Dunántúl, Dunántúl, 7630, Magyarország",46.0905828,18.259445,46.0763222,18.2280746,2.8982714496396507 km
